{
    "accuracy": 0.8847433699707573,
    "precision": 0.8751711993738994,
    "recall": 0.8985536359983929,
    "f1_score": 0.8867082961641392,
    "confusion_matrix": [
        [
            4301,
            638
        ],
        [
            505,
            4473
        ]
    ]
}